<?xml version="1.0" encoding="UTF-8"?>
<metadata>
  <idinfo>
    <citation>
      <citeinfo>
        <origin/>
        <pubdate>20020528</pubdate>
        <title>Urbanized Areas, California, 1990</title>
        <geoform>vector digital data</geoform>
        <pubinfo>
          <pubplace/>
          <publish>California. Metropolitan Transportation Commission</publish>
        </pubinfo>
        <onlink>http://purl.stanford.edu/fj777tw5682</onlink>
        <lworkcit>
          <citeinfo>
            <origin/>
            <pubdate>20100101</pubdate>
            <title>California Metropolitan Transportation Comission GIS Data</title>
            <pubinfo>
              <pubplace/>
              <publish>California. Metropolitan Transportation Commission</publish>
            </pubinfo>
          </citeinfo>
        </lworkcit>
      </citeinfo>
    </citation>
    <descript>
      <abstract>This polygon shapefile contains the urbanized areas of California. These data were derived from the TIGER/2000 Urbanized Areas (UA) dataset of the 1990 Census. The Census Bureau defines UAs as an area consisting of a central place(s) and adjacent urban fringe that together have a minimum residential population of at least 50,000 people and generally an overall population density of at least 1,000 people per square mile of land area. The Census Bureau uses published criteria to determine the qualification and boundaries of UAs.The U.S. Census Bureau classifies as urban all territory, population, and housing units located within urbanized areas (UAs). It delineates UA boundaries to encompass densely settled territory, which generally consists of: A cluster of one or more block groups or census blocks each of which has a population density of at least 1,000 people per square mile at the time and, Surrounding block groups and census blocks each of which has a population density of at least 500 people per square mile at the time and, Less densely settled blocks that form enclaves or indentations, or are used to connect discontiguous areas with qualifying densities. This layer is part of the Bay Area Metropolitan Transportation Commission (MTC) GIS Maps and Data collection.</abstract>
      <purpose>This dataset is intended for researchers, students, and policy makers for reference and mapping purposes, and may be used for basic applications such as viewing, querying, and map output production, or to provide a basemap to support graphical overlays and analysis with other spatial data.</purpose>
    </descript>
    <timeperd>
      <timeinfo>
        <rngdates>
          <begdate>19900101</begdate>
          <enddate>19901231</enddate>
        </rngdates>
      </timeinfo>
      <current>ground condition</current>
    </timeperd>
    <status>
      <progress>Complete</progress>
      <update>As needed</update>
    </status>
    <spdom>
      <bounding>
        <westbc>-123.113788</westbc>
        <eastbc>-113.744566</eastbc>
        <northbc>40.706727</northbc>
        <southbc>32.393461</southbc>
      </bounding>
    </spdom>
    <keywords>
      <theme>
        <themekt>lcsh</themekt>
        <themekey>Metropolitan areas</themekey>
      </theme>
      <theme>
        <themekt>ISO 19115 Topic Categories</themekt>
        <themekey>boundaries</themekey>
      </theme>
      <place>
        <placekt>geonames</placekt>
        <placekey>California</placekey>
      </place>
      <temporal>
        <tempkt>None</tempkt>
        <tempkey>1990</tempkey>
      </temporal>
    </keywords>
    <accconst>No restrictions on access or use.</accconst>
    <useconst>None</useconst>
    <ptcontac>
      <cntinfo>
        <cntorgp>
          <cntorg>California. Metropolitan Transportation Commission</cntorg>
        </cntorgp>
        <cntaddr>
          <addrtype>unknown</addrtype>
          <address>101 Eighth Street</address>
          <city>Oakland</city>
          <state>California</state>
          <country>US</country>
        </cntaddr>
        <cntvoice>510.817.5700</cntvoice>
        <cntemail>info@mtc.ca.gov</cntemail>
      </cntinfo>
    </ptcontac>
    <datacred>California. Metropolitan Transportation Commission. (2002). Urbanized Areas, California, 1990. California. MTC. Available at: http://purl.stanford.edu/gfj777tw5682.</datacred>
    <native>Microsoft Windows 7 Version 6.1 (Build 7601) Service Pack 1; Esri ArcGIS 10.2.2.3552</native>
  </idinfo>
  <spdoinfo>
    <direct>Vector</direct>
    <ptvctinf>
      <sdtsterm>
        <sdtstype>GT-polygon composed of chains</sdtstype>
        <ptvctcnt>38</ptvctcnt>
      </sdtsterm>
    </ptvctinf>
  </spdoinfo>
  <eainfo>
    <detailed>
      <enttyp>
        <enttypl>california_urbanized1990_clipped</enttypl>
      </enttyp>
      <attr>
        <attrlabl>FID</attrlabl>
        <attrdef>Internal feature number.</attrdef>
        <attrdefs>Esri</attrdefs>
        <attrdomv>
          <udom>Sequential unique whole numbers that are automatically generated.</udom>
        </attrdomv>
      </attr>
      <attr>
        <attrlabl>Shape</attrlabl>
        <attrdef>Feature geometry.</attrdef>
        <attrdefs>Esri</attrdefs>
        <attrdomv>
          <udom>Coordinates defining the features.</udom>
        </attrdomv>
      </attr>
      <attr>
        <attrlabl>UACODE</attrlabl>
      </attr>
      <attr>
        <attrlabl>COUNT</attrlabl>
      </attr>
      <attr>
        <attrlabl>FIRST_NAME</attrlabl>
      </attr>
    </detailed>
  </eainfo>
  <distinfo>
    <distrib>
      <cntinfo>
        <cntorgp>
          <cntorg>Stanford Geospatial Center</cntorg>
        </cntorgp>
        <cntaddr>
          <addrtype>physical</addrtype>
          <address>Branner Earth Sciences Library</address>
          <address>Mitchell Building, 2nd Floor</address>
          <address>397 Panama Mall</address>
          <city>Stanford</city>
          <state>California</state>
          <postal>94305</postal>
        </cntaddr>
        <cntvoice>650-723-2746</cntvoice>
        <cntemail>brannerlibrary@stanford.edu</cntemail>
      </cntinfo>
    </distrib>
    <distliab>See access and use constraints information.</distliab>
  </distinfo>
  <metainfo>
    <metd>20150717</metd>
    <metc>
      <cntinfo>
        <cntorgp>
          <cntorg>Stanford Geospatial Center</cntorg>
        </cntorgp>
        <cntaddr>
          <addrtype>physical</addrtype>
          <address>Branner Earth Sciences Library</address>
          <address>Mitchell Building, 2nd Floor</address>
          <address>397 Panama Mall</address>
          <city>Stanford</city>
          <state>California</state>
          <postal>94305</postal>
        </cntaddr>
        <cntvoice>650-723-2746</cntvoice>
        <cntemail>brannerlibrary@stanford.edu</cntemail>
      </cntinfo>
    </metc>
    <metstdn>FGDC Content Standard for Digital Geospatial Metadata</metstdn>
    <metstdv>FGDC-STD-001-1998</metstdv>
    <mettc>local time</mettc>
  </metainfo>
</metadata>
